zone,description,raw
1,TOWER 2 BASEMENT 5,Z 1 Z 1
2,TOWER 3 BASEMENT 5,Z 1 Z 1
3,TOWER 2 BASEMENT 4,Z 1 Z 1
4,TOWER 3 BASEMENT 4,Z 1 Z 1
5,TOWER 4 BASEMENT 4,Z 1 Z 1
6,PUBLIC LOBBY BASEMENT 4,Z 1 Z 1
7,TOWER 1 BASEMENT 3,Z 1 Z 1
8,TOWER 2 BASEMENT,Z 1 Z 1
9,TOWER 3 BASEMENT 3,Z 1 Z 1
10,TOWER 4 BASEMENT,Z 1 Z 1
11,PUBLIC LOBBY BASEMENT 3,Z 1 Z 1
12,TOWER 1 BASEMENT 2,Z 1 Z 1
13,TOWER 2 BASEMENT 2,Z 1 Z 1
14,TOWER 3 BASEMENT 2,Z 1 Z 1
15,TOWER 4 BASEMENT 2,Z 1 Z 1
16,PUBLIC LOBBY BASEMENT 2,Z 1 Z 1
17,TOWER 1 BASEMENT 1,Z 1 Z 1
18,TOWER 2 BASEMENT 1,Z 1 Z 1
19,TOWER 3 BASEMENT 1,Z 1 Z 1
20,TOWER 4 BASEMENT 1,Z 1 Z 1
21,PUBLIC LOBBY BASEMENT 1,Z 1 Z 1
22,TOWER 1 LEVEL 00,Z 1 Z 1
23,TOWER 1 LEVEL 00,Z 1 Z 1
24,TOWER 1 LEVEL 00 MCR-DC2,Z 1 Z 1
25,TOWER 1 LEVEL 00 MCCR1,Z 1 Z 1
26,TOWER 2 LEVEL 00,Z 1 Z 1
27,TOWER 2 LEVEL 00,Z 1 Z 1
28,TOWER 3 LEVEL 00,Z 1 Z 1
29,IT2-IT3 LEVEL 00 MAIN CARRIER,Z 1 Z 1
30,TOWER 4 LEVEL 00,Z 1 Z 1
31,TOWER 4 LEVEL 00,Z 1 Z 1
32,LOADING DOCK LEVEL 00,Z 1 Z 1
33,CEP SUBSTATION 1 HV ROOM MSB,Z 1 Z 1
34,TOWER 1 LEVEL 01,Z 1 Z 1
35,TOWER 1 LEVEL 01,Z 1 Z 1
36,TOWER 2 LEVEL 01,Z 1 Z 1
37,TOWER 2 LEVEL 01,Z 1 Z 1
38,TOWER 3 LEVEL 01,Z 1 Z 1
39,TOWER 3 LEVEL 01,Z 1 Z 1
40,TOWER 4 LEVEL 01,Z 1 Z 1
41,TOWER 4 LEVEL 01,Z 1 Z 1
42,TOWER 1 LEVEL 02,Z 1 Z 1
43,TOWER 1 LEVEL 02,Z 1 Z 1
44,TOWER 2 LEVEL 02,Z 1 Z 1
45,TOWER 3 LEVEL 02,Z 1 Z 1
46,TOWER 3 LEVEL 02,Z 1 Z 1
47,ATRIUM LOBBY LEVEL 02,Z 1 Z 1
48,TOWER 4 LEVEL 02,Z 1 Z 1
49,TOWER 4 LEVEL 02,Z 1 Z 1
50,TOWER 1 LEVEL 03,Z 1 Z 1
51,TOWER 1-4 LEVEL 03 LUX BOX,Z 1 Z 1
52,TOWER 3 LEVEL 03,Z 1 Z 1
53,TOWER 4 LEVEL 03,Z 1 Z 1
54,TOWER 1-4 LEVEL 03 RETAIL,Z 1 Z 1
55,TOWER 1 LEVEL 04,Z 1 Z 1
56,TOWER 2 LEVEL 04,Z 1 Z 1
57,TOWER 2 LEVEL 04,Z 1 Z 1
58,TOWER 3 LEVEL 04,Z 1 Z 1
59,TOWER 3 LEVEL 04,Z 1 Z 1
60,TOWER 4 LEVEL 04,Z 1 Z 1
61,TOWER 4 LEVEL 04,Z 1 Z 1
62,TOWER 4 LEVEL 4 RETAIL,Z 1 Z 1
63,TOWER 1-4 LEVEL 03 LUX BOX,Z 1 Z 1
64,TOWER 1 LEVEL 04M,Z 1 Z 1
65,TOWER 2 LEVEL 04M,Z 1 Z 1
66,TOWER 3 LEVEL 04M,Z 1 Z 1
67,TOWER 4 LEVEL 04M,Z 1 Z 1
68,TOWER 4 LEVEL 04M,Z 1 Z 1
69,TOWER 4 LEVEL 4M RETAIL,Z 1 Z 1
70,TOWER 1 LEVEL 05,Z 1 Z 1
71,TOWER 1 LEVEL 05,Z 1 Z 1
72,TOWER 1 LEVEL 05,Z 1 Z 1
73,TOWER 1 LEVEL 05,Z 1 Z 1
74,TOWER 2 LEVEL 05,Z 1 Z 1
75,TOWER 2 LEVEL 05,Z 1 Z 1
76,TOWER 2 LEVEL 05,Z 1 Z 1
77,TOWER 2-3 LEVEL 05,Z 1 Z 1
78,TOWER 3 LEVEL 05,Z 1 Z 1
79,TOWER 3 LEVEL 05,Z 1 Z 1
80,TOWER 3 LEVEL 05,Z 1 Z 1
81,TOWER 4 LEVEL 05,Z 1 Z 1
82,TOWER 4 LEVEL 05,Z 1 Z 1
83,TOWER 4 LEVEL 05,Z 1 Z 1
84,TOWER 4 LEVEL 05,Z 1 Z 1
85,TOWER 1 LEVEL 05M,Z 1 Z 1
86,TOWER 2 LEVEL 05M,Z 1 Z 1
88,TOWER 2 LEVEL 05M,Z 1 Z 1
89,TOWER 2 LEVEL 05M,Z 1 Z 1
90,TOWER 3 LEVEL 05M,Z 1 Z 1
91,TOWER 3 LEVEL 05M,Z 1 Z 1
92,TOWER 3-4 LEVEL 05M,Z 1 Z 1
93,TOWER 4 LEVEL 05M,Z 1 Z 1
94,TOWER 4 LEVEL 05M,Z 1 Z 1
95,TOWER 4 LEVEL 05M,Z 1 Z 1
96,TOWER 1 LEVEL 06,Z 1 Z 1
97,TOWER 1 LEVEL 06 PRE FUNCTION,Z 1 Z 1
98,TOWER 1 LEVEL 06 PRE FUNCTION,Z 1 Z 1
99,TOWER 2 LEVEL 06 MAIN GAMING,Z 1 Z 1
100,TOWER 2 LEVEL 06 PLANTROOM,Z 1 Z 1
101,TOWER 2 LEVEL 06,Z 1 Z 1
102,TOWER 2 LEVEL 06 MAIN GAMING,Z 1 Z 1
103,TOWER 2-3 LEVEL 06 AMEN- KITCHEN,Z 1 Z 1
104,TOWER 3 LEVEL 06 MAIN GAMING,Z 1 Z 1
105,TOWER 3 LEVEL 06,Z 1 Z 1
106,TOWER 3 LEVEL 06 PLANTROOM,Z 1 Z 1
107,TOWER 3 LEVEL 06 MAIN GAMING,Z 1 Z 1
108,TOWER 3-4 LEVEL 06 CORRIDOR,Z 1 Z 1
109,TOWER 4 LEVEL 06,Z 1 Z 1
110,TOWER 4 LEVEL 06,Z 1 Z 1
111,TOWER 4 LEVEL 06 BALLROOM,Z 1 Z 1
112,TOWER 1 LEVEL 06M,Z 1 Z 1
113,ATRIUM LEVEL 06M,Z 1 Z 1
114,TOWER 4 LEVEL 06M,Z 1 Z 1
115,TOWER 4 LEVEL 06M,Z 1 Z 1
116,TOWER 1 LEVEL 07 NORTH,Z 1 Z 1
117,TOWER 1 LEVEL 07 SOUTH,Z 1 Z 1
118,TOWER 2 LEVEL 07,Z 1 Z 1
119,TOWER 3 LEVEL 07,Z 1 Z 1
120,TOWER 4 LEVEL 07,Z 1 Z 1
121,TOWER 1-4 ATRIUM LEVEL 07,Z 1 Z 1
122,TOWER 1 LEVEL 07M NORTH,Z 1 Z 1
123,TOWER 1 LEVEL 07M SOUTH,Z 1 Z 1
124,TOWER 2 LEVEL 07M,Z 1 Z 1
125,TOWER 3 LEVEL 07M,Z 1 Z 1
126,TOWER 4 LEVEL 07M,Z 1 Z 1
127,TOWER 2-3 GYM LEVEL 07,Z 1 Z 1
130,TOWER 1 LEVEL 08 NORTH,Z 1 Z 1
131,TOWER 1 LEVEL 08 SOUTH,Z 1 Z 1
132,TOWER 1 LEVEL 09 NORTH,Z 1 Z 1
133,TOWER 1 LEVEL 09 SOUTH,Z 1 Z 1
134,TOWER 1 LEVEL 10 NORTH,Z 1 Z 1
135,TOWER 1 LEVEL 10 SOUTH,Z 1 Z 1
136,TOWER 1 LEVEL 11 NORTH,Z 1 Z 1
137,TOWER 1 LEVEL 11 SOUTH,Z 1 Z 1
138,TOWER 1 LEVEL 12 NORTH,Z 1 Z 1
139,TOWER 1 LEVEL 12 SOUTH,Z 1 Z 1
140,TOWER 1 LEVEL 13 NORTH,Z 1 Z 1
141,TOWER 1 LEVEL 13 SOUTH,Z 1 Z 1
142,TOWER 1 LEVEL 14 NORTH,Z 1 Z 1
143,TOWER 1 LEVEL 14 SOUTH,Z 1 Z 1
144,TOWER 1 LEVEL 15 NORTH,Z 1 Z 1
145,TOWER 1 LEVEL 15 SOUTH,Z 1 Z 1
146,TOWER 1 LEVEL 16 NORTH,Z 1 Z 1
147,TOWER 1 LEVEL 16 SOUTH,Z 1 Z 1
148,TOWER 1 LEVEL 17 NORTH,Z 1 Z 1
149,TOWER 1 LEVEL 17 SOUTH,Z 1 Z 1
150,TOWER 1 LEVEL 18 NORTH,Z 1 Z 1
151,TOWER 1 LEVEL 18 SOUTH,Z 1 Z 1
152,TOWER 1 LEVEL 19 NORTH,Z 1 Z 1
153,TOWER 1 LEVEL 19 SOUTH,Z 1 Z 1
154,TOWER 1 LEVEL 20 NORTH,Z 1 Z 1
155,TOWER 1 LEVEL 20 SOUTH,Z 1 Z 1
156,TOWER 1 LEVEL 21 NORTH,Z 1 Z 1
157,TOWER 1 LEVEL 21 SOUTH,Z 1 Z 1
158,TOWER 1 LEVEL 22 NORTH,Z 1 Z 1
159,TOWER 1 LEVEL 22 SOUTH,Z 1 Z 1
160,TOWER 1 LEVEL 23 NORTH,Z 1 Z 1
161,TOWER 1 LEVEL 23 SOUTH,Z 1 Z 1
162,TOWER 1 LEVEL 24 NORTH,Z 1 Z 1
163,TOWER 1 LEVEL 24 SOUTH,Z 1 Z 1
164,TOWER 1 LEVEL 25 NORTH,Z 1 Z 1
165,TOWER 1 LEVEL 25 SOUTH,Z 1 Z 1
166,TOWER 1 LEVEL 26 NORTH,Z 1 Z 1
167,TOWER 1 LEVEL 26 SOUTH,Z 1 Z 1
168,TOWER 1 LEVEL 27 NORTH,Z 1 Z 1
169,TOWER 1 LEVEL 27 SOUTH,Z 1 Z 1
170,TOWER 1 LEVEL 28 NORTH,Z 1 Z 1
171,TOWER 1 LEVEL 28 SOUTH,Z 1 Z 1
172,TOWER 1 LEVEL 29 NORTH,Z 1 Z 1
173,TOWER 1 LEVEL 29 SOUTH,Z 1 Z 1
174,TOWER 1 LEVEL 30 NORTH,Z 1 Z 1
175,TOWER 1 LEVEL 30 SOUTH,Z 1 Z 1
176,TOWER 1 LEVEL 31 NORTH,Z 1 Z 1
177,TOWER 1 LEVEL 31 SOUTH,Z 1 Z 1
178,TOWER 1 LEVEL 32 NORTH,Z 1 Z 1
179,TOWER 1 LEVEL 32 SOUTH,Z 1 Z 1
180,TOWER 1 LEVEL 33 NORTH,Z 1 Z 1
181,TOWER 1 LEVEL 33 SOUTH,Z 1 Z 1
182,TOWER 1 LEVEL 34 NORTH,Z 1 Z 1
183,TOWER 1 LEVEL 34 SOUTH,Z 1 Z 1
184,TOWER 1 LEVEL 35 NORTH,Z 1 Z 1
185,TOWER 1 LEVEL 35 SOUTH,Z 1 Z 1
186,TOWER 1 LEVEL 36 NORTH,Z 1 Z 1
187,TOWER 1 LEVEL 36 SOUTH,Z 1 Z 1
188,TOWER 1 LEVEL 37 NORTH,Z 1 Z 1
189,TOWER 1 LEVEL 37 SOUTH,Z 1 Z 1
190,TOWER 1 LEVEL 38 NORTH,Z 1 Z 1
191,TOWER 1 LEVEL 38 SOUTH,Z 1 Z 1
192,TOWER 1 LEVEL 39 NORTH,Z 1 Z 1
193,TOWER 1 LEVEL 39 SOUTH,Z 1 Z 1
194,TOWER 1 LEVEL 40 NORTH,Z 1 Z 1
195,TOWER 1 LEVEL 40 SOUTH,Z 1 Z 1
196,TOWER 1 LEVEL 41 NORTH,Z 1 Z 1
197,TOWER 1 LEVEL 41 SOUTH,Z 1 Z 1
220,TOWER 2 LEVEL 08,Z 1 Z 1
221,TOWER 2 LEVEL 09,Z 1 Z 1
222,TOWER 2 LEVEL 10,Z 1 Z 1
223,TOWER 2 LEVEL 11,Z 1 Z 1
224,TOWER 2 LEVEL 12,Z 1 Z 1
225,TOWER 2 LEVEL 13,Z 1 Z 1
226,TOWER 2 LEVEL 14,Z 1 Z 1
227,TOWER 2 LEVEL 15,Z 1 Z 1
228,TOWER 2 LEVEL 16,Z 1 Z 1
229,TOWER 2 LEVEL 17,Z 1 Z 1
230,TOWER 2 LEVEL 18,Z 1 Z 1
231,TOWER 2 LEVEL 19 FOH,Z 1 Z 1
232,TOWER 2 LEVEL 20 FOH,Z 1 Z 1
233,TOWER 2 LEVEL 21 FOH,Z 1 Z 1
234,TOWER 2 LEVEL 22,Z 1 Z 1
235,TOWER 2 LEVEL 23,Z 1 Z 1
236,TOWER 2 LEVEL 23M,Z 1 Z 1
241,TOWER 2 LEVEL 19 BOH,Z 1 Z 1
242,TOWER 2 LEVEL 20 BOH,Z 1 Z 1
243,TOWER 2 LEVEL 21 BOH,Z 1 Z 1
250,TOWER 3 LEVEL 08,Z 1 Z 1
251,TOWER 3 LEVEL 09,Z 1 Z 1
252,TOWER 3 LEVEL 10,Z 1 Z 1
253,TOWER 3 LEVEL 11,Z 1 Z 1
254,TOWER 3 LEVEL 12,Z 1 Z 1
255,TOWER 3 LEVEL 13,Z 1 Z 1
256,TOWER 3 LEVEL 14,Z 1 Z 1
257,TOWER 3 LEVEL 15,Z 1 Z 1
258,TOWER 3 LEVEL 16,Z 1 Z 1
259,TOWER 3 LEVEL 17,Z 1 Z 1
260,TOWER 3 LEVEL 18,Z 1 Z 1
261,TOWER 3 LEVEL 19 FOH,Z 1 Z 1
262,TOWER 3 LEVEL 20 FOH,Z 1 Z 1
263,TOWER 3 LEVEL 21 FOH,Z 1 Z 1
264,TOWER 3 LEVEL 22,Z 1 Z 1
265,TOWER 3 LEVEL 23,Z 1 Z 1
266,TOWER 3 LEVEL 23M,Z 1 Z 1
271,TOWER 3 LEVEL 19 BOH,Z 1 Z 1
272,TOWER 3 LEVEL 20 BOH,Z 1 Z 1
273,TOWER 3 LEVEL 21 BOH,Z 1 Z 1
280,TOWER 4 LEVEL 08,Z 1 Z 1
281,TOWER 4 LEVEL 09,Z 1 Z 1
282,TOWER 4 LEVEL 10,Z 1 Z 1
283,TOWER 4 LEVEL 11,Z 1 Z 1
284,TOWER 4 LEVEL 12,Z 1 Z 1
285,TOWER 4 LEVEL 13,Z 1 Z 1
286,TOWER 4 LEVEL 14,Z 1 Z 1
287,TOWER 4 LEVEL 15,Z 1 Z 1
288,TOWER 4 LEVEL 16,Z 1 Z 1
289,TOWER 4 LEVEL 17,Z 1 Z 1
290,TOWER 4 LEVEL 18,Z 1 Z 1
291,TOWER 4 LEVEL 19,Z 1 Z 1
292,TOWER 4 LEVEL 20,Z 1 Z 1
293,TOWER 4 LEVEL 21,Z 1 Z 1
294,TOWER 4 LEVEL 22,Z 1 Z 1
295,TOWER 4 LEVEL 23,Z 1 Z 1
296,TOWER 4 LEVEL 24,Z 1 Z 1
297,TOWER 4 LEVEL 25,Z 1 Z 1
298,TOWER 4 LEVEL 26,Z 1 Z 1
299,TOWER 4 LEVEL 27,Z 1 Z 1
300,TOWER 4 LEVEL 28,Z 1 Z 1
301,TOWER 4 LEVEL 29,Z 1 Z 1
302,TOWER 4 LEVEL 30,Z 1 Z 1
303,TOWER 4 LEVEL 31,Z 1 Z 1
304,TOWER 4 LEVEL 32,Z 1 Z 1
305,TOWER 4 LEVEL 33,Z 1 Z 1
306,TOWER 4 LEVEL 34,Z 1 Z 1
307,TOWER 4 LEVEL 35,Z 1 Z 1
308,TOWER 4 LEVEL 36,Z 1 Z 1
309,TOWER 4 LEVEL 37,Z 1 Z 1
310,TOWER 4 LEVEL 38,Z 1 Z 1
311,TOWER 4 LEVEL 39,Z 1 Z 1
312,TOWER 4 LEVEL 40,Z 1 Z 1
313,TOWER 4 LEVEL 41,Z 1 Z 1
314,TOWER 4 LEVEL 42,Z 1 Z 1
315,TOWER 4 LEVEL 43,Z 1 Z 1
316,TOWER 4 LEVEL 44,Z 1 Z 1
317,TOWER 4 LEVEL 45,Z 1 Z 1
318,TOWER 4 LEVEL 46,Z 1 Z 1
319,TOWER 4 LEVEL 47,Z 1 Z 1
320,TOWER 4 LEVEL 48,Z 1 Z 1
321,TOWER 4 LEVEL 49,Z 1 Z 1
322,TOWER 4 LEVEL 50,Z 1 Z 1
323,TOWER 4 LEVEL 51,Z 1 Z 1
324,TOWER 4 LEVEL 52,Z 1 Z 1
325,TOWER 4 LEVEL 53,Z 1 Z 1
326,TOWER 4 LEVEL 54,Z 1 Z 1
327,TOWER 4 LEVEL 55,Z 1 Z 1
328,TOWER 4 LEVEL 56,Z 1 Z 1
329,TOWER 4 LEVEL 57,Z 1 Z 1
330,TOWER 4 LEVEL 58,Z 1 Z 1
331,TOWER 4 LEVEL 59,Z 1 Z 1
332,TOWER 4 LEVEL 60,Z 1 Z 1
333,TOWER 4 LEVEL 61,Z 1 Z 1
334,TOWER 4 LEVEL 62,Z 1 Z 1
335,TOWER 4 LEVEL 63,Z 1 Z 1
336,TOWER 4 LEVEL 64,Z 1 Z 1
337,TOWER 4 LEVEL 64M,Z 1 Z 1
338,TOWER 4 LEVEL 65,Z 1 Z 1
350,TOWER 4 LEVEL 44 UNIT MCP,Z 1 Z 1
351,TOWER 4 LEVEL 45 UNIT MCP,Z 1 Z 1
352,TOWER 4 LEVEL 46 UNIT MCP,Z 1 Z 1
501,PRINTING BUILDING BASMENT 01,Z 1 Z 1
502,PRINTING BUILDING LEVEL 00,Z 1 Z 1
503,PRINTING BUILDING LEVEL 00,Z 1 Z 1
504,PRINTING BUILDING LEVEL 01,Z 1 Z 1
505,PRINTING BUILDING LEVEL 01,Z 1 Z 1
506,PRINTING BUILDING LEVEL 02,Z 1 Z 1
507,PRINTING BUILDING LEVEL 02,Z 1 Z 1
508,PRINTING BUILDING TOP OF LIFT,Z 1 Z 1
520,HARRIS TCE LEVEL 00 SERVICE,Z 1 Z 1
521,HARRIS TCE LEVEL 00 TENANCY 1,Z 1 Z 1
522,HARRIS TCE LEVEL 00 TENANCY 2,Z 1 Z 1
523,HARRIS TCE LEVEL 00 TENANCY 3,Z 1 Z 1
524,HARRIS TCE LEVEL 01 TENANCY 1,Z 1 Z 1
525,HARRIS TCE LEVEL 01 TENANCY 2,Z 1 Z 1
526,HARRIS TCE LEVEL 01 TENANCY 3,Z 1 Z 1
527,HARRIS TCE LEVEL 02 TENANCY 2.1,Z 1 Z 1
528,HARRIS TCE LEVEL 02 TENANCY 2.2,Z 1 Z 1
529,HARRIS TCE LEVEL 02 TENANCY PLANT,Z 1 Z 1
530,HARRIS TCE LEVEL 02 TOP OF LIFT,Z 1 Z 1
750,EWIS ASE TRIGGER,Z 1 Z 1
800,TOWER 1 L00 MASD MCR-DC2,Z 1 Z 1
801,TOWER 1 L00 MASD MCCR1,Z 1 Z 1
802,IT2-IT3 L00 MASD MAIN CARRIER,Z 1 Z 1
900,TOWER 2 TOP OF LIFT P11-12,Z 1 Z 1
901,TOWER 2 TOP OF LIFT P10,Z 1 Z 1
902,TOWER 2 TOP OF LIFT I1,Z 1 Z 1
903,TOWER 2  TOP OF LIFT G15-16,Z 1 Z 1
904,TOWER 1-4 TOP OF LIFT P6-7-8,Z 1 Z 1
905,TOWER 1-4 TOP OF LIFT DUMB WAITER,Z 1 Z 1
906,TOWER 4 TOP OF LIFT Q9-10,Z 1 Z 1
907,TOWER 4 TOP OF LIFT I2,Z 1 Z 1
908,TOWER 3 TOP OF LIFT CAR PORTE,Z 1 Z 1
909,TOWER 2 TOP OF LIFT P13,Z 1 Z 1
910,TOWER 4 TOP LIFT P14,Z 1 Z 1
911,TOWER 3-4 TOP OF LIFT P9,Z 1 Z 1
912,TOWER 2 TOP OF LIFT G17-18,Z 1 Z 1
913,TOWER 4 TOP OF CAR LIFT,Z 1 Z 1
914,TOWER 1 TOP OF LIFT D3-4-5-6,Z 1 Z 1
915,TOWER 1 TOP OF LIFT P1-2,Z 1 Z 1
916,TOWER 1 TOP OF LIFT D1-2,Z 1 Z 1
917,TOWER 1 TOP OF LIFT R4-5-6,Z 1 Z 1
918,TOWER 1 TOP OF LIFT R1-2,Z 1 Z 1
919,TOWER 1 TOP OF LIFT R7-8-9,Z 1 Z 1
920,TOWER 2 TOP OF LIFT G3,Z 1 Z 1
921,TOWER 2 TOP OF LIFT G1-2,Z 1 Z 1
922,TOWER 2 TOP OF LIFT G6-7,Z 1 Z 1
923,TOWER 2 TOP OF LIFT G4-5,Z 1 Z 1
924,TOWER 2 TOP OF LIFT G10,Z 1 Z 1
925,TOWER 2 TOP OF LIFT G8-9,Z 1 Z 1
926,TOWER 2 TOP OF LIFT G11-12,Z 1 Z 1
927,TOWER 2 TOP OF LIFT G13-14,Z 1 Z 1
928,TOWER 3 TOP OF LIFT P3-4-5,Z 1 Z 1
929,TOWER 4 TOP OF LIFT Q3-4-5,Z 1 Z 1
930,TOWER 4 TOP OF LIFT Q6-7-8,Z 1 Z 1
1001,SPRINKLER TOWER 2 BASEMENT 5,Z 1 Z 1
1002,SPRINKLER TOWER 3 BASEMENT 5,Z 1 Z 1
1003,SPRINKLER TOWER 2 BASEMENT 4,Z 1 Z 1
1004,SPRINKLER TOWER 3 BASEMENT 4,Z 1 Z 1
1005,SPRINKLER TOWER 4 BASEMENT 4,Z 1 Z 1
1007,SPRINKLER TOWER 1 BASEMENT 3,Z 1 Z 1
1008,SPRINKLER TOWER 2 BASEMENT 3,Z 1 Z 1
1009,SPRINKLER TOWER 3 BASEMENT 3,Z 1 Z 1
1010,SPRINKLER TOWER 4 BASEMENT 3,Z 1 Z 1
1012,SPRINKLER TOWER 1 BASEMENT 2,Z 1 Z 1
1013,SPRINKLER TOWER 2 BASEMENT 2,Z 1 Z 1
1014,SPRINKLER TOWER 3 BASEMENT 2,Z 1 Z 1
1015,SPRINKLER TOWER 4 BASEMENT 2,Z 1 Z 1
1017,SPRINKLER TOWER 1 BASEMENT 1,Z 1 Z 1
1018,SPRINKLER TOWER 2 BASEMENT 1,Z 1 Z 1
1019,SPRINKLER TOWER 3 BASEMENT 1,Z 1 Z 1
1020,SPRINKLER TOWER 4 BASEMENT 1,Z 1 Z 1
1021,SPRINKLER TOWER 1 LEVEL 00 WW,Z 1 Z 1
1022,SPRINKLER TOWER 1 LEVEL 00,Z 1 Z 1
1023,TANK TOWER 4 LEVEL 01,Z 1 Z 1
1024,PUMP ROOM TOWER 4 LEVEL 00,Z 1 Z 1
1025,PUMP ROOM TOWER 4 LEVEL 00,Z 1 Z 1
1026,PUMP ROOM TOWER 4 LEVEL 00,Z 1 Z 1
1027,SPRINKLER TOWER 2 LEVEL 00,Z 1 Z 1
1028,SPRINKLER TOWER 3 LEVEL 00,Z 1 Z 1
1030,SPRINKLER TOWER 4 LEVEL 00,Z 1 Z 1
1032,SPRINKLER LOADING DOCK LEVEL 00,Z 1 Z 1
1034,SPRINKLER TOWER 1 LEVEL 01,Z 1 Z 1
1037,SPRINKLER TOWER 2 LEVEL 01,Z 1 Z 1
1038,SPRINKLER TOWER 3 LEVEL 01,Z 1 Z 1
1040,SPRINKLER TOWER 4 LEVEL 01,Z 1 Z 1
1043,SPRINKLER TOWER 1 LEVEL 02,Z 1 Z 1
1044,SPRINKLER TOWER 2 LEVEL 02,Z 1 Z 1
1045,SPRINKLER TOWER 3 LEVEL 02,Z 1 Z 1
1048,SPRINKLER TOWER 4 LEVEL 02,Z 1 Z 1
1050,SPRINKLER TOWER 1 LEVEL 03,Z 1 Z 1
1051,SPRINKLER TOWER 1-4 L03 RETAIL,Z 1 Z 1
1052,SPRINKLER TOWER 3 LEVEL 03,Z 1 Z 1
1053,SPRINKLER TOWER 4 LEVEL 03,Z 1 Z 1
1055,SPRINKLER TOWER 1 LEVEL 04,Z 1 Z 1
1057,SPRINKLER TOWER 2 LEVEL 04,Z 1 Z 1
1058,SPRINKLER TOWER 3 LEVEL 04,Z 1 Z 1
1060,SPRINKLER TOWER 4 LEVEL 04,Z 1 Z 1
1064,SPRINKLER TOWER 1 LEVEL 04M,Z 1 Z 1
1065,SPRINKLER TOWER 2 LEVEL 04M,Z 1 Z 1
1066,SPRINKLER TOWER 3 LEVEL 04M,Z 1 Z 1
1067,SPRINKLER TOWER 4 LEVEL 04M,Z 1 Z 1
1070,SPRINKLER TOWER 1 LEVEL 05,Z 1 Z 1
1075,SPRINKLER TOWER 2 LEVEL 05,Z 1 Z 1
1079,SPRINKLER TOWER 3 LEVEL 05,Z 1 Z 1
1083,SPRINKLER TOWER 4 LEVEL 05,Z 1 Z 1
1085,SPRINKLER TOWER 1 LEVEL 05M,Z 1 Z 1
1086,SPRINKLER TOWER 2 LEVEL 05M,Z 1 Z 1
1090,SPRINKLER TOWER 3 LEVEL 05M,Z 1 Z 1
1093,SPRINKLER TOWER 4 LEVEL 05M,Z 1 Z 1
1096,SPRINKLER TOWER 1 LEVEL 06,Z 1 Z 1
1101,SPRINKLER TOWER 2 LEVEL 06,Z 1 Z 1
1105,SPRINKLER TOWER 3 LEVEL 06,Z 1 Z 1
1109,SPRINKLER TOWER 4 LEVEL 06,Z 1 Z 1
1112,SPRINKLER TOWER 1 LEVEL 06M,Z 1 Z 1
1114,SPRINKLER TOWER 4 LEVEL 06M,Z 1 Z 1
1116,SPRINKLER TOWER 1 LEVEL 07,Z 1 Z 1
1118,SPRINKLER TOWER 2 LEVEL 07,Z 1 Z 1
1119,SPRINKLER TOWER 3 LEVEL 07,Z 1 Z 1
1120,SPRINKLER TOWER 4 LEVEL 07,Z 1 Z 1
1121,SPRINKLER TOWER 1-4 ATRIUM L07,Z 1 Z 1
1122,SPRINKLER TOWER 1 LEVEL 07M,Z 1 Z 1
1124,SPRINKLER TOWER 2 LEVEL 07M,Z 1 Z 1
1125,SPRINKLER TOWER 3 LEVEL 07M,Z 1 Z 1
1126,SPRINKLER TOWER 4 LEVEL 07M,Z 1 Z 1
1130,SPRINKLER TOWER 1 LEVEL 08,Z 1 Z 1
1132,SPRINKLER TOWER 1 LEVEL 09,Z 1 Z 1
1134,SPRINKLER TOWER 1 LEVEL 10,Z 1 Z 1
1136,SPRINKLER TOWER 1 LEVEL 11,Z 1 Z 1
1138,SPRINKLER TOWER 1 LEVEL 12,Z 1 Z 1
1140,SPRINKLER TOWER 1 LEVEL 13,Z 1 Z 1
1142,SPRINKLER TOWER 1 LEVEL 14,Z 1 Z 1
1144,SPRINKLER TOWER 1 LEVEL 15,Z 1 Z 1
1146,SPRINKLER TOWER 1 LEVEL 16,Z 1 Z 1
1148,SPRINKLER TOWER 1 LEVEL 17,Z 1 Z 1
1150,SPRINKLER TOWER 1 LEVEL 18,Z 1 Z 1
1152,SPRINKLER TOWER 1 LEVEL 19,Z 1 Z 1
1154,SPRINKLER TOWER 1 LEVEL 20,Z 1 Z 1
1156,SPRINKLER TOWER 1 LEVEL 21,Z 1 Z 1
1158,SPRINKLER TOWER 1 LEVEL 22,Z 1 Z 1
1160,SPRINKLER TOWER 1 LEVEL 23,Z 1 Z 1
1162,SPRINKLER TOWER 1 LEVEL 24,Z 1 Z 1
1164,SPRINKLER TOWER 1 LEVEL 25,Z 1 Z 1
1166,SPRINKLER TOWER 1 LEVEL 26,Z 1 Z 1
1168,SPRINKLER TOWER 1 LEVEL 27,Z 1 Z 1
1170,SPRINKLER TOWER 1 LEVEL 28,Z 1 Z 1
1172,SPRINKLER TOWER 1 LEVEL 29,Z 1 Z 1
1174,SPRINKLER TOWER 1 LEVEL 30,Z 1 Z 1
1176,SPRINKLER TOWER 1 LEVEL 31,Z 1 Z 1
1178,SPRINKLER TOWER 1 LEVEL 32,Z 1 Z 1
1180,SPRINKLER TOWER 1 LEVEL 33,Z 1 Z 1
1182,SPRINKLER TOWER 1 LEVEL 34,Z 1 Z 1
1184,SPRINKLER TOWER 1 LEVEL 35,Z 1 Z 1
1186,SPRINKLER TOWER 1 LEVEL 36,Z 1 Z 1
1188,SPRINKLER TOWER 1 LEVEL 37,Z 1 Z 1
1190,SPRINKLER TOWER 1 LEVEL 38,Z 1 Z 1
1192,SPRINKLER TOWER 1 LEVEL 39,Z 1 Z 1
1194,SPRINKLER TOWER 1 LEVEL 40,Z 1 Z 1
1196,SPRINKLER TOWER 1 LEVEL 41,Z 1 Z 1
1198,SPRINKLER TOWER 1 LEVEL 42,Z 1 Z 1
1200,SPRINKLER TOWER 1 LEVEL 43 ROOF,Z 1 Z 1
1220,SPRINKLER TOWER 2 LEVEL 08,Z 1 Z 1
1221,SPRINKLER TOWER 2 LEVEL 09,Z 1 Z 1
1222,SPRINKLER TOWER 2 LEVEL 10,Z 1 Z 1
1223,SPRINKLER TOWER 2 LEVEL 11,Z 1 Z 1
1224,SPRINKLER TOWER 2 LEVEL 12,Z 1 Z 1
1225,SPRINKLER TOWER 2 LEVEL 13,Z 1 Z 1
1226,SPRINKLER TOWER 2 LEVEL 14,Z 1 Z 1
1227,SPRINKLER TOWER 2 LEVEL 15,Z 1 Z 1
1228,SPRINKLER TOWER 2 LEVEL 16,Z 1 Z 1
1229,SPRINKLER TOWER 2 LEVEL 17,Z 1 Z 1
1230,SPRINKLER TOWER 2 LEVEL 18,Z 1 Z 1
1231,SPRINKLER TOWER 2 LEVEL 19,Z 1 Z 1
1232,SPRINKLER TOWER 2 LEVEL 20,Z 1 Z 1
1233,SPRINKLER TOWER 2 LEVEL 21,Z 1 Z 1
1234,SPRINKLER TOWER 2 LEVEL 22,Z 1 Z 1
1235,SPRINKLER TOWER 2 LEVEL 23,Z 1 Z 1
1236,SPRINKLER TOWER 2 LEVEL 23M,Z 1 Z 1
1250,SPRINKLER TOWER 3 LEVEL 08,Z 1 Z 1
1251,SPRINKLER TOWER 3 LEVEL 09,Z 1 Z 1
1252,SPRINKLER TOWER 3 LEVEL 10,Z 1 Z 1
1253,SPRINKLER TOWER 3 LEVEL 11,Z 1 Z 1
1254,SPRINKLER TOWER 3 LEVEL 12,Z 1 Z 1
1255,SPRINKLER TOWER 3 LEVEL 13,Z 1 Z 1
1256,SPRINKLER TOWER 3 LEVEL 14,Z 1 Z 1
1257,SPRINKLER TOWER 3 LEVEL 15,Z 1 Z 1
1258,SPRINKLER TOWER 3 LEVEL 16,Z 1 Z 1
1259,SPRINKLER TOWER 3 LEVEL 17,Z 1 Z 1
1260,SPRINKLER TOWER 3 LEVEL 18,Z 1 Z 1
1261,SPRINKLER TOWER 3 LEVEL 19,Z 1 Z 1
1262,SPRINKLER TOWER 3 LEVEL 20,Z 1 Z 1
1263,SPRINKLER TOWER 3 LEVEL 21,Z 1 Z 1
1264,SPRINKLER TOWER 3 LEVEL 22,Z 1 Z 1
1265,SPRINKLER TOWER 3 LEVEL 23,Z 1 Z 1
1266,SPRINKLER TOWER 3 LEVEL 23M,Z 1 Z 1
1280,SPRINKLER TOWER 4 LEVEL 08,Z 1 Z 1
1281,SPRINKLER TOWER 4 LEVEL 09,Z 1 Z 1
1282,SPRINKLER TOWER 4 LEVEL 10,Z 1 Z 1
1283,SPRINKLER TOWER 4 LEVEL 11,Z 1 Z 1
1284,SPRINKLER TOWER 4 LEVEL 12,Z 1 Z 1
1285,SPRINKLER TOWER 4 LEVEL 13,Z 1 Z 1
1286,SPRINKLER TOWER 4 LEVEL 14,Z 1 Z 1
1287,SPRINKLER TOWER 4 LEVEL 15,Z 1 Z 1
1288,SPRINKLER TOWER 4 LEVEL 16,Z 1 Z 1
1289,SPRINKLER TOWER 4 LEVEL 17,Z 1 Z 1
1290,SPRINKLER TOWER 4 LEVEL 18,Z 1 Z 1
1291,SPRINKLER TOWER 4 LEVEL 19,Z 1 Z 1
1292,SPRINKLER TOWER 4 LEVEL 20,Z 1 Z 1
1293,SPRINKLER TOWER 4 LEVEL 21,Z 1 Z 1
1294,SPRINKLER TOWER 4 LEVEL 22,Z 1 Z 1
1295,SPRINKLER TOWER 4 LEVEL 23,Z 1 Z 1
1296,SPRINKLER TOWER 4 LEVEL 24,Z 1 Z 1
1297,SPRINKLER TOWER 4 LEVEL 25,Z 1 Z 1
1298,SPRINKLER TOWER 4 LEVEL 26,Z 1 Z 1
1299,SPRINKLER TOWER 4 LEVEL 27,Z 1 Z 1
1300,SPRINKLER TOWER 4 LEVEL 28,Z 1 Z 1
1301,SPRINKLER TOWER 4 LEVEL 29,Z 1 Z 1
1302,SPRINKLER TOWER 4 LEVEL 30,Z 1 Z 1
1303,SPRINKLER TOWER 4 LEVEL 31,Z 1 Z 1
1304,SPRINKLER TOWER 4 LEVEL 32,Z 1 Z 1
1305,SPRINKLER TOWER 4 LEVEL 33,Z 1 Z 1
1306,SPRINKLER TOWER 4 LEVEL 34,Z 1 Z 1
1307,SPRINKLER TOWER 4 LEVEL 35,Z 1 Z 1
1308,SPRINKLER TOWER 4 LEVEL 36,Z 1 Z 1
1309,SPRINKLER TOWER 4 LEVEL 37,Z 1 Z 1
1310,SPRINKLER TOWER 4 LEVEL 38,Z 1 Z 1
1311,SPRINKLER TOWER 4 LEVEL 39,Z 1 Z 1
1312,SPRINKLER TOWER 4 LEVEL 40,Z 1 Z 1
1313,SPRINKLER TOWER 4 LEVEL 41,Z 1 Z 1
1314,SPRINKLER TOWER 4 LEVEL 42,Z 1 Z 1
1315,SPRINKLER TOWER 4 LEVEL 43,Z 1 Z 1
1316,SPRINKLER TOWER 4 LEVEL 44,Z 1 Z 1
1317,SPRINKLER TOWER 4 LEVEL 45,Z 1 Z 1
1318,SPRINKLER TOWER 4 LEVEL 46,Z 1 Z 1
1319,SPRINKLER TOWER 4 LEVEL 47,Z 1 Z 1
1320,SPRINKLER TOWER 4 LEVEL 48,Z 1 Z 1
1321,SPRINKLER TOWER 4 LEVEL 49,Z 1 Z 1
1322,SPRINKLER TOWER 4 LEVEL 50,Z 1 Z 1
1323,SPRINKLER TOWER 4 LEVEL 51,Z 1 Z 1
1324,SPRINKLER TOWER 4 LEVEL 52,Z 1 Z 1
1325,SPRINKLER TOWER 4 LEVEL 53,Z 1 Z 1
1326,SPRINKLER TOWER 4 LEVEL 54,Z 1 Z 1
1327,SPRINKLER TOWER 4 LEVEL 55,Z 1 Z 1
1328,SPRINKLER TOWER 4 LEVEL 56,Z 1 Z 1
1329,SPRINKLER TOWER 4 LEVEL 57,Z 1 Z 1
1330,SPRINKLER TOWER 4 LEVEL 58,Z 1 Z 1
1331,SPRINKLER TOWER 4 LEVEL 59,Z 1 Z 1
1332,SPRINKLER TOWER 4 LEVEL 60,Z 1 Z 1
1333,SPRINKLER TOWER 4 LEVEL 61,Z 1 Z 1
1334,SPRINKLER TOWER 4 LEVEL 62,Z 1 Z 1
1335,SPRINKLER TOWER 4 LEVEL 63,Z 1 Z 1
1336,SPRINKLER TOWER 4 LEVEL 64,Z 1 Z 1
1337,SPRINKLER TOWER 4 LEVEL 64M,Z 1 Z 1
1338,SPRINKLER TOWER 4 LEVEL 65 ROOF,Z 1 Z 1
1501,SPRINKLER PRINTING BUILD ZONE 1,Z 1 Z 1
1502,SPRINKLER PRINTING BUILD ZONE 2,Z 1 Z 1
1503,SPRINKLER DPI BUILDING ZONE 3,Z 1 Z 1
1510,HYDRANT PRINTING BUILD ZONE 1,Z 1 Z 1
1900,IT2 L05M PRE ACTION,Z 1 Z 1
1901,IT3 L05M PRE ACTION,Z 1 Z 1
2000,HYDRANT PRESSURE  ZONE 1 B4,Z 1 Z 1
2001,HYDRANT PRESSURE  ZONE 1 B3,Z 1 Z 1
2002,HYDRANT PRESSURE  ZONE 1 B2,Z 1 Z 1
2003,HYDRANT PRESSURE  ZONE 1 B1,Z 1 Z 1
2004,HYDRANT PRESSURE ZONE 1 L00,Z 1 Z 1
2005,HYDRANT PRESSURE ZONE 1 L01,Z 1 Z 1
2006,HYDRANT PRESSURE ZONE 1 L02,Z 1 Z 1
2007,HYDRANT PRESSURE ZONE 1 L03,Z 1 Z 1
2008,HYDRANT PRESSURE ZONE 1 L04,Z 1 Z 1
2009,HYDRANT PRESSURE ZONE 1 L04M,Z 1 Z 1
2010,HYDRANT PRESSURE ZONE 1 L05,Z 1 Z 1
2011,HYDRANT PRESSURE ZONE 1 SPARE,Z 1 Z 1
2012,HYDRANT PRESSURE ZONE 1 SPARE,Z 1 Z 1
2013,HYDRANT PRESSURE ZONE 1 SPARE,Z 1 Z 1
2014,HYDRANT PRESSURE ZONE 1 SPARE,Z 1 Z 1
2015,HYDRANT PRESSURE ZONE 2 L05M,Z 1 Z 1
2016,HYDRANT PRESSURE ZONE 2 L06,Z 1 Z 1
2017,HYDRANT PRESSURE ZONE 2 L06M,Z 1 Z 1
2018,HYDRANT PRESSURE ZONE 2 L07,Z 1 Z 1
2019,HYDRANT PRESSURE ZONE 2 L07M,Z 1 Z 1
2020,HYDRANT PRESSURE ZONE 2 L08,Z 1 Z 1
2021,HYDRANT PRESSURE ZONE 2 L09,Z 1 Z 1
2022,HYDRANT PRESSURE ZONE 2 L10,Z 1 Z 1
2023,HYDRANT PRESSURE ZONE 2 L11,Z 1 Z 1
2024,HYDRANT PRESSURE ZONE 2 L12,Z 1 Z 1
2025,HYDRANT PRESSURE ZONE 2 L13,Z 1 Z 1
2026,HYDRANT PRESSURE ZONE 2 L14,Z 1 Z 1
2027,HYDRANT PRESSURE ZONE 3 L15,Z 1 Z 1
2028,HYDRANT PRESSURE ZONE 3 L16,Z 1 Z 1
2029,HYDRANT PRESSURE ZONE 3 L17,Z 1 Z 1
2030,HYDRANT PRESSURE ZONE 3 L18,Z 1 Z 1
2031,HYDRANT PRESSURE ZONE 3 L19,Z 1 Z 1
2032,HYDRANT PRESSURE ZONE 3 L20,Z 1 Z 1
2033,HYDRANT PRESSURE ZONE 3 L21,Z 1 Z 1
2034,HYDRANT PRESSURE ZONE 3 L22,Z 1 Z 1
2035,HYDRANT PRESSURE ZONE 3 L23,Z 1 Z 1
2036,HYDRANT PRESSURE ZONE 3 L24,Z 1 Z 1
2037,HYDRANT PRESSURE ZONE 3 L25,Z 1 Z 1
2038,HYDRANT PRESSURE ZONE 3 L26,Z 1 Z 1
2039,HYDRANT PRESSURE ZONE 3 L27,Z 1 Z 1
2040,HYDRANT PRESSURE ZONE 4 L28,Z 1 Z 1
2041,HYDRANT PRESSURE ZONE 4 L29,Z 1 Z 1
2042,HYDRANT PRESSURE ZONE 4 L30,Z 1 Z 1
2043,HYDRANT PRESSURE ZONE 4 L31,Z 1 Z 1
2044,HYDRANT PRESSURE ZONE 4 L32,Z 1 Z 1
2045,HYDRANT PRESSURE ZONE 4 L33,Z 1 Z 1
2046,HYDRANT PRESSURE ZONE 4 L34,Z 1 Z 1
2047,HYDRANT PRESSURE ZONE 4 L35,Z 1 Z 1
2048,HYDRANT PRESSURE ZONE 4 L36,Z 1 Z 1
2049,HYDRANT PRESSURE ZONE 4 L37,Z 1 Z 1
2050,HYDRANT PRESSURE ZONE 4 L38,Z 1 Z 1
2051,HYDRANT PRESSURE ZONE 4 L39,Z 1 Z 1
2052,HYDRANT PRESSURE ZONE 4 L40,Z 1 Z 1
2053,HYDRANT PRESSURE ZONE 5 L39,Z 1 Z 1
2054,HYDRANT PRESSURE ZONE 5 L40,Z 1 Z 1
2055,HYDRANT PRESSURE ZONE 5 L41,Z 1 Z 1
2056,HYDRANT PRESSURE ZONE 5 L42,Z 1 Z 1
2057,HYDRANT PRESSURE ZONE 5 L43,Z 1 Z 1
2058,HYDRANT PRESSURE ZONE 5 L44,Z 1 Z 1
2059,HYDRANT PRESSURE ZONE 5 L45,Z 1 Z 1
2060,HYDRANT PRESSURE ZONE 5 L46,Z 1 Z 1
2061,HYDRANT PRESSURE ZONE 5 L47,Z 1 Z 1
2062,HYDRANT PRESSURE ZONE 5 L48,Z 1 Z 1
2063,HYDRANT PRESSURE ZONE 5 L49,Z 1 Z 1
2064,HYDRANT PRESSURE ZONE 5 L50,Z 1 Z 1
2065,HYDRANT PRESSURE ZONE 5 L51,Z 1 Z 1
2066,HYDRANT PRESSURE ZONE 5 L52,Z 1 Z 1
2067,HYDRANT PRESSURE ZONE 5 L53,Z 1 Z 1
2068,HYDRANT PRESSURE ZONE 6 L54,Z 1 Z 1
2069,HYDRANT PRESSURE ZONE 6 L55,Z 1 Z 1
2070,HYDRANT PRESSURE ZONE 6 L56,Z 1 Z 1
2071,HYDRANT PRESSURE ZONE 6 L57,Z 1 Z 1
2072,HYDRANT PRESSURE ZONE 6 L58,Z 1 Z 1
2073,HYDRANT PRESSURE ZONE 6 L59,Z 1 Z 1
2074,HYDRANT PRESSURE ZONE 6 L60,Z 1 Z 1
2075,HYDRANT PRESSURE ZONE 6 L61,Z 1 Z 1
2076,HYDRANT PRESSURE ZONE 6 L62,Z 1 Z 1
2077,HYDRANT PRESSURE ZONE 6 L63,Z 1 Z 1
2078,HYDRANT PRESSURE ZONE 6 L64,Z 1 Z 1
2079,HYDRANT PRESSURE ZONE 6 L64M,Z 1 Z 1
2080,HYDRANT PRESSURE ZONE 6 L65,Z 1 Z 1
2100,IRD-ICG-L01-BGK-03 ANSUL IT3 L01,Z 1 Z 1
2101,IRD-ICG-L01-BGK-06 ANSUL IT3 L01,Z 1 Z 1
2102,IRD-ICG-L02-FSC-02  ANSUL IT3 L02,Z 1 Z 1
2103,IRD-ICG-L05-CGL-128 ANSUL IT3 L05,Z 1 Z 1
2104,IRD-ICG-L05-CGL-128 ANSUL IT3 L05,Z 1 Z 1
2105,IRD-ICG-L05-FCF-120 ANSUL IT4 L05,Z 1 Z 1
2106,IRD-ICG-L06-FCF-152 ANSUL IT2 L06,Z 1 Z 1
2107,IRD-ICG-L06-BGK-05 ANSUL IT4 L06,Z 1 Z 1
2108,IRD-ICG-L06-BGK-05 ANSUL IT4 L06,Z 1 Z 1
2109,IRD-ICG-L06-BGK-05 ANSUL IT4 L06,Z 1 Z 1
2110,IRD-ICG-L07-BSK-01 ANSUL IT2 L07,Z 1 Z 1
2111,IRD-ISD-L20-BGK-76 ANSUL IT3 L20,Z 1 Z 1
2112,IRD-ISD-LS-RFB-01 ANSUL IT2 L23,Z 1 Z 1
2114,IRD-ISD-LS-RFB-03 ANSUL IT3 L23,Z 1 Z 1
2800,STAFF ESCALATOR STROBE,Z 1 Z 1
3000,B05 MSSB CONTROL MODULES,Z 1 Z 1
3001,B04 IT3-4 MSSB CONTROL MODULES,Z 1 Z 1
3002,B04 IT1-2  MSSB CONTROL MODULES,Z 1 Z 1
3003,B03 MSSB CONTROL MODULES,Z 1 Z 1
3004,B02 MSSB CONTROL MODULES,Z 1 Z 1
3005,B01 IT3-4 MSSB CONTROL MODULES,Z 1 Z 1
3006,B01 IT1-2 MSSB CONTROL MODULES,Z 1 Z 1
3007,L00 IT3-4 MSSB CONTROL MODULES,Z 1 Z 1
3008,L00 IT1-2 MSSB CONTROL MODULES,Z 1 Z 1
3009,L01 IT2-3 MSSB CONTROL MODULES,Z 1 Z 1
3010,L01 IT1-2 MSSB CONTROL MODULES,Z 1 Z 1
3011,L02 IT3-4 MSSB CONTROL MODULES,Z 1 Z 1
3012,L02 IT1-2 MSSB CONTROL MODULES,Z 1 Z 1
3013,L03 IT3-4 MSSB CONTROL MODULES,Z 1 Z 1
3014,L03 IT1-2 MSSB CONTROL MODULES,Z 1 Z 1
3015,L04 IT3-4 MSSB CONTROL MODULES,Z 1 Z 1
3016,L04 IT1-2 MSSB CONTROL MODULES,Z 1 Z 1
3017,L04M IT3-4 MSSB CONTROL MODULES,Z 1 Z 1
3018,L04M IT1-2 MSSB CONTROL MODULES,Z 1 Z 1
3019,L05 IT3-4 MSSB CONTROL MODULES,Z 1 Z 1
3020,L05 IT1-2 MSSB CONTROL MODULES,Z 1 Z 1
3021,L05M IT3-4 MSSB CONTROL MODULES,Z 1 Z 1
3022,L05M IT1-2 MSSB CONTROL MODULES,Z 1 Z 1
3023,L06 IT3-4 MSSB CONTROL MODULES,Z 1 Z 1
3024,L06 IT1-2 MSSB CONTROL MODULES,Z 1 Z 1
3025,L06M IT3-4 MSSB CONTROL MODULES,Z 1 Z 1
3026,L06M IT1-2 MSSB CONTROL MODULES,Z 1 Z 1
3027,L07 IT3-4 MSSB CONTROL MODULES,Z 1 Z 1
3028,L07 IT1-2 MSSB CONTROL MODULES,Z 1 Z 1
3029,L07M IT3-4 MSSB CONTROL MODULES,Z 1 Z 1
3030,L07M IT1-2 MSSB CONTROL MODULES,Z 1 Z 1
3040,L08-L15 IT1 MSSB CONTROL MODULES,Z 1 Z 1
3041,L16-L24 IT1 MSSB CONTROL MODULES,Z 1 Z 1
3042,L25-L33 IT1 MSSB CONTROL MODULES,Z 1 Z 1
3043,L34-L43 IT1 MSSB CONTROL MODULES,Z 1 Z 1
3044,L08-L22 IT2 MSSB CONTROL MODULES,Z 1 Z 1
3045,L08-L22 IT3 MSSB CONTROL MODULES,Z 1 Z 1
3046,L08-L22 IT4 MSSB CONTROL MODULES,Z 1 Z 1
3047,L23-L36 IT4 MSSB CONTROL MODULES,Z 1 Z 1
3048,L37-L51 IT4 MSSB CONTROL MODULES,Z 1 Z 1
3049,L52-L65 IT4 MSSB CONTROL MODULES,Z 1 Z 1
3050,PRINTERY MSSB CONTROL MODULES,Z 1 Z 1
3200,PUBLIC LOBBY EXIT INTERFACE,Z 1 Z 1
3201,IT1 BASEMENT EXIT SIGN INTERFACE,Z 1 Z 1
3202,IT2 BASEMENT EXIT SIGN INTERFACE,Z 1 Z 1
3203,IT3 BASEMENT EXIT SIGN INTERFACE,Z 1 Z 1
3204,IT4 BASEMENT EXIT SIGN INTERFACE,Z 1 Z 1
3205,IT1 PODIUM EXIT SIGN INTERFACE,Z 1 Z 1
3206,IT2 PODIUM EXIT SIGN INTERFACE,Z 1 Z 1
3207,IT3 PODIUM EXIT SIGN INTERFACE,Z 1 Z 1
3208,IT4 PODIUM EXIT SIGN INTERFACE,Z 1 Z 1
3209,IT1 CASINO EXIT SIGN INTERFACE,Z 1 Z 1
3210,IT2 CASINO EXIT SIGN INTERFACE,Z 1 Z 1
3211,IT3 CASINO EXIT SIGN INTERFACE,Z 1 Z 1
3212,IT4 CASINO EXIT SIGN INTERFACE,Z 1 Z 1
3300,BASEMENT DOORS TRIPS,Z 1 Z 1
3301,PODIUM DOORS TRIPS,Z 1 Z 1
3302,CASINO DOORS TRIPS L05-L05M,Z 1 Z 1
3303,CASINO DOORS TRIPS L06-L06M,Z 1 Z 1
3305,TOWER 1 DOORS TRIPS,Z 1 Z 1
3306,TOWER 2 DOORS TRIPS,Z 1 Z 1
3307,TOWER 3 DOORS TRIPS,Z 1 Z 1
3308,TOWER 4 DOORS TRIPS,Z 1 Z 1
3310,PRINTERY BUILDING DOOR TRIPS,Z 1 Z 1
3350,BASEMENT CURTIN TRIPS,Z 1 Z 1
3351,PODIUM CURTIN TRIPS,Z 1 Z 1
3352,CASINO CURTIN TRIPS,Z 1 Z 1
3400,SECURITY TRIP BASEMENT AND PODIUM,Z 1 Z 1
3401,SECURITY TRIP CASINO L05-L06M,Z 1 Z 1
3402,SECURITY TRIP TOWER 1,Z 1 Z 1
3403,SECURITY TRIP TOWER 2,Z 1 Z 1
3404,SECURITY TRIP TOWER 3,Z 1 Z 1
3405,SECURITY TRIP TOWER 4,Z 1 Z 1
3406,SECURITY TRIP CASINO UPPER GAMING,Z 1 Z 1
3410,SECURITY TRIP PRINTERY BUILDING,Z 1 Z 1
3450,MR-1 GAS SHUT DOWN,Z 1 Z 1
3451,MR-2 GAS SHUT DOWN,Z 1 Z 1
3500,DUCT PROBE CSF-ICG-B03-01,Z 1 Z 1
3501,DUCT PROBE CSF-ICG-B04-01,Z 1 Z 1
3502,DUCT PROBE CSF-ICG-B01-01,Z 1 Z 1
3503,DUCT PROBE CSF-ICG-B02-01,Z 1 Z 1
3504,DUCT PROBE CSF-ICG-L00-01,Z 1 Z 1
3505,DUCT PROBE CSF-ICG-L00-02,Z 1 Z 1
3506,DUCT PROBE CSF-ICG-L01-01,Z 1 Z 1
3507,DUCT PROBE CSF-ICG-L01-02,Z 1 Z 1
3508,DUCT PROBE CSF-ICG-L01-03,Z 1 Z 1
3509,DUCT PROBE CSF-ICG-L01-04,Z 1 Z 1
3510,DUCT PROBE CSF-ICG-L01-05,Z 1 Z 1
3511,DUCT PROBE SPF-ICG-L00-01,Z 1 Z 1
3512,DUCT PROB FCU-ICG-L01-05,Z 1 Z 1
3520,DUCT PROBE CSF-ICG-B03-01,Z 1 Z 1
3521,DUCT PROBE CSF-ICG-B01-01,Z 1 Z 1
3522,DUCT PROBE GSF-ICG-L00-02,Z 1 Z 1
3530,T4 L05M DUCT PROB AHU-ICG-L05M-14,Z 1 Z 1
3531,T4 L05M DUCT PROB AHU-ICG-L05M-19,Z 1 Z 1
3532,T4 L05M DUCT PROB OAF-ICG-L05M-01,Z 1 Z 1
3533,T2 L05M DUCT PROB AHU-ICG-L05M-16,Z 1 Z 1
3534,T3 L05M DUCT PROB AHU-ICG-L05M-18,Z 1 Z 1
3535,T1 L06M DUCT PROB AHU-ICG-L06M-04,Z 1 Z 1
3536,T1 L06M DUCT PROB SPF-ICG-L06M-01,Z 1 Z 1
3537,T1 L06M DUCT PROB SPF-ICG-L06M-02,Z 1 Z 1
3538,T4 L05M DUCT PROB AHU-ICG-L05M-01,Z 1 Z 1
3539,T4 L05M DUCT PROB AHU-ICG-L05M-02,Z 1 Z 1
3540,T4 L05M DUCT PROB AHU-ICG-L05M-03,Z 1 Z 1
3541,T4 L05M DUCT PROB AHU-ICG-L05M-04,Z 1 Z 1
3542,T2 L05M DUCT PROB AHU-ICG-L05M-05,Z 1 Z 1
3543,T2 L05M DUCT PROB AHU-ICG-L05M-06,Z 1 Z 1
3544,T2 L05M DUCT PROB AHU-ICG-L05M-07,Z 1 Z 1
3545,T3 L05M DUCT PROB AHU-ICG-L05M-08,Z 1 Z 1
3546,T3 L05M DUCT PROB AHU-ICG-L05M-09,Z 1 Z 1
3547,T3 L05M DUCT PROB AHU-ICG-L05M-10,Z 1 Z 1
3548,T4 L05M DUCT PROB AHU-ICG-L05M-11,Z 1 Z 1
3549,T4 L05M DUCT PROB AHU-ICG-L05M-12,Z 1 Z 1
3550,T4 L05M DUCT PROB AHU-ICG-L05M-13,Z 1 Z 1
3551,T4 L05M DUCT PROB AHU-ICG-L05M-15,Z 1 Z 1
3552,T4 L05M DUCT PROB AHU-ICG-L05M-17,Z 1 Z 1
3553,T4 L05M DUCT PROB AHU-ICG-L05M-18,Z 1 Z 1
3554,T1 L06M DUCT PROB AHU-ICG-L06M-05,Z 1 Z 1
3555,TI L39 DUCT PROBE SPF-IT1-L39-01,Z 1 Z 1
3556,TI L39 DUCT PROBE SPF-IT1-L39-02,Z 1 Z 1
3560,T2 L06 DUCT PROB AHU-ICG-L06-01,Z 1 Z 1
3561,T2 L06 DUCT PROB AHU-ICG-L06-02,Z 1 Z 1
3562,T2 L06 DUCT PROB AHU-ICG-L06-03,Z 1 Z 1
3563,T2 L06 DUCT PROB AHU-ICG-L06-04,Z 1 Z 1
3564,T3 L06 DUCT PROB AHU-ICG-L06-05,Z 1 Z 1
3565,T3 L06 DUCT PROB AHU-ICG-L06-06,Z 1 Z 1
3566,T3 L06 DUCT PROB AHU-ICG-L06-07,Z 1 Z 1
3567,T3 L06 DUCT PROB AHU-ICG-L06-08,Z 1 Z 1
3568,T4 L06M DUCT PROB AHU-ICG-L06M-09,Z 1 Z 1
3569,T4 L06M DUCT PROB AHU-ICG-L06M-10,Z 1 Z 1
3570,T4 L06M DUCT PROB AHU-ICG-L06M-11,Z 1 Z 1
3571,T4 L06M DUCT PROB AHU-ICG-L06M-12,Z 1 Z 1
3572,T4 L06M DUCT PROB AHU-ICG-L06M-13,Z 1 Z 1
3573,T4 L06M DUCT PROB AHU-ICG-L06M-14,Z 1 Z 1
3574,T1 L06M DUCT PROB AHU-ICG-L06M-01,Z 1 Z 1
3575,T1 L06M DUCT PROB AHU-ICG-L06M-02,Z 1 Z 1
3576,T1 L06M DUCT PROB AHU-ICG-L06M-03,Z 1 Z 1
3577,T1 L06M DUCT PROB AHU-ICG-L06M-16,Z 1 Z 1
3578,T1 L06M DUCT PROB AHU-ICG-L06M-17,Z 1 Z 1
3579,T1 L06M DUCT PROB KMU-ICG-L06M-01,Z 1 Z 1
3580,T2 L18 DUCT AHU-ISD-P18.01-L19-02,Z 1 Z 1
3581,T2 L18 DUCT AHU-ISD.P18.01-20.02,Z 1 Z 1
3582,T2 L18 DUCT PROBE FCU-IT2-L18-01,Z 1 Z 1
3583,T3 L18 DUCT AHU-ISD.P18.2-19.2,Z 1 Z 1
3584,T3 L18 DUCT AHU-ISD.P18.2-20.1,Z 1 Z 1
3585,T2 L23M DUCT SPF-IT2-L23M-01,Z 1 Z 1
3586,T2 L23M DUCT SPF-IT2-L23M-02,Z 1 Z 1
3590,T4 L07M DUCT PROB SPF-ICG-L07M-01,Z 1 Z 1
3591,T4 L07M DUCT PROB SPF-ICG-L07M-02,Z 1 Z 1
3592,T4 L07M DUCT PROB SPF-ICG-L65-01,Z 1 Z 1
3593,T4 L07M DUCT PROB SPF-ICG-L65-02,Z 1 Z 1
4000,BASEMENT ESCALATOR TRIPS,Z 1 Z 1
4001,PODIUM ESCALATOR TRIPS,Z 1 Z 1
4002,CASINO ESCALATOR TRIPS,Z 1 Z 1
